Winner;Film
1;The Last Command
1;7th Heaven
1;"The Dove; Tempest"
1;Sunrise
1;Sunrise
1;Two Arabian Knights
1;7th Heaven
1;Wings
1;Wings
1;Sunrise
1;7th Heaven
1;Underworld
1;The Jazz Singer
1;The Circus
1;In Old Arizona
1;Coquette
1;The Bridge of San Luis Rey
1;White Shadows in the South Seas
1;The Divine Lady
1;The Broadway Melody
1;The Patriot
1;Disraeli
1;The Divorcee
1;Herman Rosse
1;Joseph T. Rucker, Willard Van Der Veer
1;All Quiet on the Western Front
1;Universal
1;Metro-Goldwyn-Mayer Studio Sound Department, Douglas Shearer, Sound Director
1;Frances Marion
1;A Free Soul
1;Min and Bill
1;Max Rée
1;Floyd Crosby
1;Norman Taurog
1;RKO Radio
1;Howard Estabrook
1;John Monk Saunders
1;The Champ
1;Dr. Jekyll and Mr. Hyde
1;The Sin of Madelon Claudet
1;Gordon Wiles
1;Lee Garmes
1;Frank Borzage
1;Metro-Goldwyn-Mayer
1;Walt Disney, Producer
1;Hal Roach, Producer
1;Mack Sennett, Producer
1;Edwin Burke
1;Frances Marion
1;“Mickey Mouse”
1;The Private Life of Henry VIII
1;Morning Glory
1;William S. Darling
1;Charles Bryant Lang, Jr.
1;Frank Lloyd
1;Fox
1;Walt Disney, Producer
1;Louis Brock, Producer
1;Joe Rock, Producer
1;Paramount Studio Sound Department, Franklin B. Hansen, Sound Director
1;Victor Heerman, Sarah Y. Mason
1;Robert Lord
1;It Happened One Night
1;It Happened One Night
1;Cedric Gibbons, Fredric Hope
1;John Waters
1;Victor Milner
1;Frank Capra
1;Conrad Nervig
1;Columbia Studio Music Department, Louis Silvers, head of department  (Thematic Music by Victor Schertzinger and Gus Kahn)
1;"Music by Con Conrad; Lyrics by Herb Magidson"
1;Columbia
1;Walt Disney, Producer
1;Kenneth Macgowan, Producer
1;Stacy Woodard and Horace Woodard, Producers
1;Columbia Studio Sound Department, John Livadary, Sound Director
1;Robert Riskin
1;Arthur Caesar
1;The Informer
1;Dangerous
1;Richard Day
1;Clem Beauchamp, Paul Wing
1;Hal Mohr
1;"I've Got a Feeling You're Fooling number from Broadway Melody of 1936; and Straw Hat number from Folies Bergere"
1;John Ford
1;Ralph Dawson
1;RKO Radio Studio Music Department, Max Steiner, head of department  (Score by Max Steiner)
1;"Music by Harry Warren; Lyrics by Al Dubin"
1;Metro-Goldwyn-Mayer
1;Walt Disney, Producer
1;Jack Chertok, Producer
1;Gaumont British and Skibo Productions
1;Metro-Goldwyn-Mayer Studio Sound Department, Douglas Shearer, Sound Director
1;Ben Hecht, Charles MacArthur
1;Dudley Nichols
1;The Story of Louis Pasteur
1;Come and Get It
1;The Great Ziegfeld
1;Anthony Adverse
1;Richard Day
1;Jack Sullivan
1;Gaetano Gaudio
1;A Pretty Girl Is Like a Melody number from The Great Ziegfeld
1;Frank Capra
1;Ralph Dawson
1;Warner Brothers Studio Music Department, Leo Forbstein, head of department  (Score by Erich Wolfgang Korngold)
1;"Music by Jerome Kern; Lyrics by Dorothy Fields"
1;Metro-Goldwyn-Mayer
1;Walt Disney, Producer
1;Warner Brothers
1;Hal Roach, Producer
1;Metro-Goldwyn-Mayer
1;Metro-Goldwyn-Mayer Studio Sound Department, Douglas Shearer, Sound Director
1;Pierre Collings, Sheridan Gibney
1;Pierre Collings, Sheridan Gibney
1;The Garden of Allah
1;Captains Courageous
1;The Life of Emile Zola
1;The Good Earth
1;In Old Chicago
1;Stephen Goosson
1;Robert Webb
1;Karl Freund
1;Fun House number from A Damsel in Distress
1;Leo McCarey
1;Gene Havlick, Gene Milford
1;Universal Studio Music Department, Charles Previn, head of department  (no composer credit)
1;Music and Lyrics by Harry Owens
1;Warner Brothers
1;Walt Disney, Producer
1;Pete Smith, Producer
1;Skibo Productions
1;Metro-Goldwyn-Mayer
1;United Artists Studio Sound Department, Thomas T. Moulton, Sound Director
1;William A. Wellman, Robert Carson
1;Norman Reilly Raine, Heinz Herald, Geza Herczeg
1;"""Charlie McCarthy"""
1;A Star Is Born
1;Boys Town
1;Kentucky
1;Jezebel
1;Jezebel
1;Carl J. Weyl
1;Joseph Ruttenberg
1;Frank Capra
1;Ralph Dawson
1;Erich Wolfgang Korngold
1;Alfred Newman
1;"Music by Ralph Rainger; Lyrics by Leo Robin"
1;Columbia
1;Walt Disney, Producer
1;Metro-Goldwyn-Mayer
1;Warner Brothers
1;United Artists Studio Sound Department, Thomas T. Moulton, Sound Director
1;Dore Schary, Eleanore Griffin
1;"Screenplay and Dialogue by George Bernard Shaw; Adaptation by W. P. Lipscomb, Cecil Lewis, Ian Dalrymple"
1;Snow White and the Seven Dwarfs
1;Sweethearts
1;Goodbye, Mr. Chips
1;Stagecoach
1;Gone with the Wind
1;Gone with the Wind
1;Lyle Wheeler
1;Gregg Toland
1;Ernest Haller, Ray Rennahan
1;Victor Fleming
1;Hal C. Kern, James E. Newcom
1;Herbert Stothart
1;Richard Hageman, Frank Harling, John Leipold, Leo Shuken
1;"Music by Harold Arlen; Lyrics by E. Y. Harburg"
1;Selznick International Pictures
1;Walt Disney, Producer
1;Paramount
1;Warner Brothers
1;Universal Studio Sound Department, Bernard B. Brown, Sound Director
1;Fred Sersen, E. H. Hansen
1;Lewis R. Foster
1;Sidney Howard
1;Gone with the Wind
1;The Philadelphia Story
1;The Westerner
1;Kitty Foyle
1;The Grapes of Wrath
1;Cedric Gibbons, Paul Groesse
1;Vincent Korda
1;George Barnes
1;Georges Périnal
1;John Ford
1;Anne Bauchens
1;Leigh Harline, Paul J. Smith, Ned Washington
1;Alfred Newman
1;"Music by Leigh Harline; Lyrics by Ned Washington"
1;Selznick International Pictures
1;Metro-Goldwyn-Mayer
1;Pete Smith, Producer
1;Warner Brothers
1;Metro-Goldwyn-Mayer Studio Sound Department, Douglas Shearer, Sound Director
1;"Photographic Effects by Lawrence Butler; Sound Effects by Jack Whitney"
1;Preston Sturges
1;Benjamin Glazer, John S. Toldy
1;Donald Ogden Stewart
1;Sergeant York
1;How Green Was My Valley
1;Suspicion
1;The Great Lie
1;"Art Direction: Richard Day, Nathan Juran; Interior Decoration: Thomas Little"
1;"Art Direction: Cedric Gibbons, Urie McCleary; Interior Decoration: Edwin B. Willis"
1;Arthur Miller
1;Ernest Palmer, Ray Rennahan
1;John Ford
1;National Film Board of Canada
1;William Holmes
1;Bernard Herrmann
1;Frank Churchill, Oliver Wallace
1;"Music by Jerome Kern; Lyrics by Oscar Hammerstein II"
1;20th Century-Fox
1;Walt Disney, Producer
1;Metro-Goldwyn-Mayer
1;Metro-Goldwyn-Mayer
1;General Service Sound Department, Jack Whitney, Sound Director
1;"Photographic Effects by Farciot Edouart, Gordon Jennings; Sound Effects by Louis Mesenkop"
1;Herman J. Mankiewicz, Orson Welles
1;Harry Segall
1;Sidney Buchman, Seton I. Miller
1;Kukan
1;Target for Tonight
1;Fantasia
1;Fantasia
1;Yankee Doodle Dandy
1;Johnny Eager
1;Mrs. Miniver
1;Mrs. Miniver
1;"Art Direction: Richard Day, Joseph Wright; Interior Decoration: Thomas Little"
1;"Art Direction: Richard Day, Joseph Wright; Interior Decoration: Thomas Little"
1;Joseph Ruttenberg
1;Leon Shamroy
1;William Wyler
1;United States Navy
1;Australian News & Information Bureau
1;Artkino
1;United States Army Special Services
1;Daniel Mandell
1;Max Steiner
1;Ray Heindorf, Heinz Roemheld
1;Music and Lyrics by Irving Berlin
1;Metro-Goldwyn-Mayer
1;Walt Disney, Producer
1;Paramount
1;Warner Brothers
1;Warner Brothers Studio Sound Department, Nathan Levinson, Sound Director
1;"Photographic Effects by Gordon Jennings, Farciot Edouart, William L. Pereira; Sound Effects by Louis Mesenkop"
1;Emeric Pressburger
1;Ring Lardner, Jr., Michael Kanin
1;Arthur Wimperis, George Froeschel, James Hilton, Claudine West
1;In Which We Serve
1;Andy Hardy
1;Watch on the Rhine
1;The More the Merrier
1;The Song of Bernadette
1;For Whom the Bell Tolls
1;"Art Direction: James Basevi, William Darling; Interior Decoration: Thomas Little"
1;"Art Direction: John B. Goodman, Alexander Golitzen; Interior Decoration: Russell A. Gausman, Ira S. Webb"
1;Arthur Miller
1;Hal Mohr, W. Howard Greene
1;Michael Curtiz
1;British Ministry of Information
1;United States Navy
1;George Amy
1;Alfred Newman
1;Ray Heindorf
1;"Music by Harry Warren; Lyrics by Mack Gordon"
1;Warner Brothers
1;Frederick Quimby, Producer
1;Grantland Rice, Producer
1;Jerry Bresler and Sam Coslow, Producers
1;RKO Radio Studio Sound Department, Stephen Dunn, Sound Director
1;"Photographic Effects by Fred Sersen; Sound Effects by Roger Heman"
1;William Saroyan
1;Norman Krasna
1;Julius J. Epstein, Philip G. Epstein, Howard Koch
1;Going My Way
1;Going My Way
1;Gaslight
1;None but the Lonely Heart
1;"Art Direction: Cedric Gibbons, William Ferrari; Interior Decoration: Edwin B. Willis, Paul Huldschinsky"
1;"Art Direction: Wiard Ihnen; Interior Decoration: Thomas Little"
1;Joseph LaShelle
1;Leon Shamroy
1;Leo McCarey
1;United States Navy
1;United States Marine Corps
1;Barbara McLean
1;Max Steiner
1;Morris Stoloff, Carmen Dragon
1;"Music by James Van Heusen; Lyrics by Johnny Burke"
1;Paramount
1;Frederick C. Quimby, Producer
1;Jerry Fairbanks, Producer
1;Gordon Hollingshead, Producer
1;20th Century-Fox Studio Sound Department, E. H. Hansen, Sound Director
1;"Photographic Effects by A. Arnold Gillespie, Donald Jahraus, Warren Newcombe; Sound Effects by Douglas Shearer"
1;Leo McCarey
1;Lamar Trotti
1;Frank Butler, Frank Cavett
1;The Lost Weekend
1;A Tree Grows in Brooklyn
1;Mildred Pierce
1;National Velvet
1;"Art Direction: Wiard Ihnen; Interior Decoration: A. Roland Fields"
1;"Art Direction: Hans Dreier, Ernst Fegte; Interior Decoration: Sam Comer"
1;Harry Stradling
1;Leon Shamroy
1;Billy Wilder
1;The Governments of Great Britain and the United States of America
1;Gordon Hollingshead, Producer
1;Robert J. Kern
1;Miklos Rozsa
1;Georgie Stoll
1;"Music by Richard Rodgers; Lyrics by Oscar Hammerstein II"
1;Paramount
1;Frederick Quimby, Producer
1;"Herbert Moulton, Producer; Jerry Bresler, Executive Producer"
1;Gordon Hollingshead, Producer
1;RKO Radio Studio Sound Department, Stephen Dunn, Sound Director
1;"Photographic Effects by John Fulton; Sound Effects by Arthur W. Johns"
1;Charles G. Booth
1;Richard Schweizer
1;Charles Brackett, Billy Wilder
1;The Best Years of Our Lives
1;The Best Years of Our Lives
1;To Each His Own
1;The Razor's Edge
1;"Art Direction: Lyle Wheeler, William Darling; Interior Decoration: Thomas Little, Frank E. Hughes"
1;"Art Direction: Cedric Gibbons, Paul Groesse; Interior Decoration: Edwin B. Willis"
1;Arthur Miller
1;Charles Rosher, Leonard Smith, Arthur Arling
1;William Wyler
1;United States Department of War
1;Daniel Mandell
1;Hugo Friedhofer
1;Morris Stoloff
1;"Music by Harry Warren; Lyrics by Johnny Mercer"
1;Samuel Goldwyn Productions
1;Frederick Quimby, Producer
1;Gordon Hollingshead, Producer
1;Gordon Hollingshead, Producer
1;Columbia Studio Sound Department, John Livadary, Sound Director
1;Special Visual Effects by Thomas Howard
1;Clemence Dane
1;Muriel Box, Sydney Box
1;Robert E. Sherwood
1;Henry V
1;The Best Years of Our Lives
1;A Double Life
1;Miracle on 34th Street
1;The Farmer's Daughter
1;Gentleman's Agreement
1;"Art Direction: John Bryan; Set Decoration: Wilfred Shingleton"
1;"Art Direction: Alfred Junge; Set Decoration: Alfred Junge"
1;Guy Green
1;Jack Cardiff
1;Elia Kazan
1;"Sid Rogell, Executive Producer; Theron Warth and Richard O. Fleischer, Producers"
1;United Nations Division of Films and Visual Information
1;Francis Lyon, Robert Parrish
1;Dr. Miklos Rozsa
1;Alfred Newman
1;"Music by Allie Wrubel; Lyrics by Ray Gilbert"
1;20th Century-Fox
1;Edward Selzer, Producer
1;Herbert Moulton, Producer
1;Irving Allen, Producer
1;Samuel Goldwyn Studio Sound Department, Gordon Sawyer, Sound Director
1;"Special Visual Effects by A. Arnold Gillespie, Warren Newcombe; Special Audible Effects by Douglas Shearer, Michael Steinore"
1;Valentine Davies
1;Sidney Sheldon
1;George Seaton
1;Song of the South
1;Hamlet
1;The Treasure of the Sierra Madre
1;Johnny Belinda
1;Key Largo
1;"Art Direction: Roger K. Furse; Set Decoration: Carmen Dillon"
1;"Art Direction: Hein Heckroth; Set Decoration: Arthur Lawson"
1;William Daniels
1;Joseph Valentine, William V. Skall, Winton Hoch
1;Roger K. Furse
1;Dorothy Jeakins, Karinska
1;John Huston
1;Orville O. Dull, Producer
1;United States Army
1;Paul Weatherwax
1;Brian Easdale
1;Johnny Green, Roger Edens
1;Music and Lyrics by Jay Livingston and Ray Evans
1;J. Arthur Rank-Two Cities Films
1;Fred Quimby, Producer
1;Edmund H. Reek, Producer
1;Walt Disney, Producer
1;20th Century-Fox Studio Sound Department, Thomas T. Moulton, Sound Director
1;"Special Visual Effects by Paul Eagler, J. McMillan Johnson, Russell Shearman, Clarence Slifer; Special Audible Effects by Charles Freeman, James G. Stewart"
1;Richard Schweizer, David Wechsler
1;John Huston
1;The Search
1;Joan of Arc
1;All the King's Men
1;Twelve O'Clock High
1;The Heiress
1;All the King's Men
1;"Art Direction: Harry Horner, John Meehan; Set Decoration: Emile Kuri"
1;"Art Direction: Cedric Gibbons, Paul Groesse; Set Decoration: Edwin B. Willis, Jack D. Moore"
1;Paul C. Vogel
1;Winton Hoch
1;Edith Head, Gile Steele
1;Leah Rhodes, Travilla, Marjorie Best
1;Joseph L. Mankiewicz
1;Crown Film Unit
1;Richard de Rochemont, Producer
1;Edward Selzer, Producer
1;Harry Gerstad
1;Aaron Copland
1;Roger Edens, Lennie Hayton
1;Music and Lyrics by Frank Loesser
1;Robert Rossen Productions
1;Edward Selzer, Producer
1;Jack Eaton, Producer
1;Gaston Diehl and Robert Haessens, Producers
1;20th Century-Fox Studio Sound Department, Thomas T. Moulton, Sound Director
1;ARKO Productions
1;Douglas Morrow
1;Joseph L. Mankiewicz
1;Robert Pirosh
1;Cyrano de Bergerac
1;All about Eve
1;Born Yesterday
1;Harvey
1;"Art Direction: Hans Dreier, John Meehan; Set Decoration: Sam Comer, Ray Moyer"
1;"Art Direction: Hans Dreier, Walter Tyler; Set Decoration: Sam Comer, Ray Moyer"
1;Robert Krasker
1;Robert Surtees
1;Edith Head, Charles LeMaire
1;Edith Head, Dorothy Jeakins, Elois Jenssen, Gile Steele, Gwen Wakeling
1;Joseph L. Mankiewicz
1;Robert Snyder, Producer
1;Edmund Reek, Producer
1;Ralph E. Winters, Conrad A. Nervig
1;Franz Waxman
1;Adolph Deutsch, Roger Edens
1;Music and Lyrics by Ray Evans and Jay Livingston
1;20th Century-Fox
1;Stephen Bosustow, Producer
1;Gordon Hollingshead, Producer
1;Walt Disney, Producer
1;20th Century-Fox Studio Sound Department, Thomas T. Moulton, Sound Director
1;George Pal Productions
1;Edna Anhalt, Edward Anhalt
1;Joseph L. Mankiewicz
1;Charles Brackett, Billy Wilder, D. M. Marshman, Jr.
1;The African Queen
1;A Streetcar Named Desire
1;A Streetcar Named Desire
1;A Streetcar Named Desire
1;"Art Direction: Richard Day; Set Decoration: George James Hopkins"
1;"Art Direction: Cedric Gibbons, Preston Ames; Set Decoration: Edwin B. Willis, Keogh Gleason"
1;William C. Mellor
1;"Alfred Gilks; Ballet Photography by John Alton"
1;Edith Head
1;Orry-Kelly, Walter Plunkett, Irene Sharaff
1;George Stevens
1;Olle Nordemar, Producer
1;'Made by Fred Zinnemann with the cooperation of Paramount Pictures Corporation for the Los Angeles Orthopaedic Hospital'
1;William Hornbeck
1;Franz Waxman
1;Johnny Green, Saul Chaplin
1;"Music by Hoagy Carmichael; Lyrics by Johnny Mercer"
1;Arthur Freed, Producer
1;Fred Quimby, Producer
1;Robert Youngson, Producer
1;Walt Disney, Producer
1;Metro-Goldwyn-Mayer Studio Sound Department, Douglas Shearer, Sound Director
1;Paramount
1;Paul Dehn, James Bernard
1;Michael Wilson, Harry Brown
1;Alan Jay Lerner
1;High Noon
1;Viva Zapata!
1;Come Back, Little Sheba
1;The Bad and the Beautiful
1;"Art Direction: Cedric Gibbons, Edward Carfagno; Set Decoration: Edwin B. Willis, Keogh Gleason"
1;"Art Direction: Paul Sheriff; Set Decoration: Marcel Vertes"
1;Robert Surtees
1;Winton C. Hoch, Archie Stout
1;Helen Rose
1;Marcel Vertes
1;John Ford
1;Irwin Allen, Producer
1;Norman McLaren, Producer
1;Elmo Williams, Harry Gerstad
1;Dimitri Tiomkin
1;Alfred Newman
1;"Music by Dimitri Tiomkin; Lyrics by Ned Washington"
1;Cecil B. DeMille, Producer
1;Fred Quimby, Producer
1;Boris Vermont, Producer
1;Walt Disney, Producer
1;London Film Sound Department
1;Metro-Goldwyn-Mayer
1;Fredric M. Frank, Theodore St. John, Frank Cavett
1;Charles Schnee
1;T. E. B. Clarke
1;Stalag 17
1;From Here to Eternity
1;Roman Holiday
1;From Here to Eternity
1;"Art Direction: Cedric Gibbons, Edward Carfagno; Set Decoration: Edwin B. Willis, Hugh Hunt"
1;"Art Direction: Lyle Wheeler, George W. Davis; Set Decoration: Walter M. Scott, Paul S. Fox"
1;Burnett Guffey
1;Loyal Griggs
1;Edith Head
1;Charles LeMaire, Emile Santiago
1;Fred Zinnemann
1;Walt Disney, Producer
1;Walt Disney, Producer
1;William Lyon
1;Bronislau Kaper
1;Alfred Newman
1;"Music by Sammy Fain; Lyrics by Paul Francis Webster"
1;Buddy Adler, Producer
1;Walt Disney, Producer
1;Johnny Green, Producer
1;Walt Disney, Producer
1;Columbia Studio Sound Department, John P. Livadary, Sound Director
1;Paramount Studio
1;Dalton Trumbo
1;Daniel Taradash
1;Charles Brackett, Walter Reisch, Richard Breen
1;On the Waterfront
1;The Barefoot Contessa
1;The Country Girl
1;On the Waterfront
1;Richard Day
1;"Art Direction: John Meehan; Set Decoration: Emile Kuri"
1;Boris Kaufman
1;Milton Krasner
1;Edith Head
1;Sanzo Wada
1;Elia Kazan
1;Walt Disney, Producer
1;World Wide Pictures and Morse Films
1;Gene Milford
1;Dimitri Tiomkin
1;Adolph Deutsch, Saul Chaplin
1;"Music by Jule Styne; Lyrics by Sammy Cahn"
1;Sam Spiegel, Producer
1;Stephen Bosustow, Producer
1;Robert Youngson, Producer
1;Denis Sanders and Terry Sanders, Producers
1;Universal-International Studio Sound Department, Leslie I. Carey, Sound Director
1;Walt Disney Studios
1;Philip Yordan
1;George Seaton
1;Budd Schulberg
1;The Little Kidnappers
1;The Little Kidnappers
1;Marty
1;Mister Roberts
1;The Rose Tattoo
1;East of Eden
1;"Art Direction: Hal Pereira, Tambi Larsen; Set Decoration: Sam Comer, Arthur Krams"
1;"Art Direction: William Flannery, Jo Mielziner; Set Decoration: Robert Priestley"
1;James Wong Howe
1;Robert Burks
1;Helen Rose
1;Charles LeMaire
1;Delbert Mann
1;Nancy Hamilton, Producer
1;Walt Disney, Producer
1;Charles Nelson, William A. Lyon
1;Alfred Newman
1;Robert Russell Bennett, Jay Blackton, Adolph Deutsch
1;"Music by Sammy Fain; Lyrics by Paul Francis Webster"
1;Harold Hecht, Producer
1;Edward Selzer, Producer
1;Edmund Reek, Producer
1;Wilbur T. Blume, Producer
1;Todd-AO Sound Department, Fred Hynes, Sound Director
1;Paramount Studio
1;Daniel Fuchs
1;Paddy Chayefsky
1;William Ludwig, Sonya Levien
1;The King and I
1;Lust for Life
1;Anastasia
1;Written on the Wind
1;"Art Direction: Cedric Gibbons, Malcolm F. Brown; Set Decoration: Edwin B. Willis, F. Keogh Gleason"
1;"Art Direction: Lyle R. Wheeler, John DeCuir; Set Decoration: Walter M. Scott, Paul S. Fox"
1;Joseph Ruttenberg
1;Lionel Lindon
1;Jean Louis
1;Irene Sharaff
1;George Stevens
1;Jacques-Yves Cousteau, Producer
1;Louis Clyde Stoumen, Producer
1;Gene Ruggiero, Paul Weatherwax
1;"Italy; Dino De Laurentiis and Carlo Ponti, Producers"
1;Victor Young
1;Alfred Newman, Ken Darby
1;Music and Lyrics by Jay Livingston and Ray Evans
1;Michael Todd, Producer
1;Stephen Bosustow, Producer
1;Konstantin Kalser, Producer
1;Romulus Films
1;20th Century-Fox Studio Sound Department, Carl Faulkner, Sound Director
1;John Fulton
1;Dalton Trumbo
1;James Poe, John Farrow, S.J. Perelman
1;Albert Lamorisse
1;The Bridge on the River Kwai
1;Sayonara
1;The Three Faces of Eve
1;Sayonara
1;"Art Direction: Ted Haworth; Set Decoration: Robert Priestley"
1;Jack Hildyard
1;Orry-Kelly
1;David Lean
1;Jerome Hill, Producer
1;Peter Taylor
1;Italy
1;Malcolm Arnold
1;"Music by James Van Heusen; Lyrics by Sammy Cahn"
1;Sam Spiegel, Producer
1;Edward Selzer, Producer
1;Larry Lansburgh, Producer
1;Warner Brothers Studio Sound Department, George Groves, Sound Director
1;Audible Effects by Walter Rossi
1;Michael Wilson, Carl Foreman, Pierre Boulle
1;George Wells
1;Separate Tables
1;The Big Country
1;I Want to Live!
1;Separate Tables
1;"Art Direction: William A. Horning, Preston Ames; Set Decoration: Henry Grace, Keogh Gleason"
1;Sam Leavitt
1;Joseph Ruttenberg
1;Cecil Beaton
1;Vincente Minnelli
1;Ben Sharpsteen, Producer
1;Ben Sharpsteen, Producer
1;Adrienne Fazan
1;France
1;Dimitri Tiomkin
1;Andre Previn
1;"Music by Frederick Loewe; Lyrics by Alan Jay Lerner"
1;Arthur Freed, Producer
1;John W. Burton, Producer
1;Walt Disney, Producer
1;Todd-AO Sound Department, Fred Hynes, Sound Director
1;Visual Effects by Tom Howard
1;Alan Jay Lerner
1;Nedrick Young, Harold Jacob Smith
1;Ben-Hur
1;Ben-Hur
1;Room at the Top
1;The Diary of Anne Frank
1;"Art Direction: Lyle R. Wheeler, George W. Davis; Set Decoration: Walter M. Scott, Stuart A. Reiss"
1;"Art Direction: William A. Horning, Edward Carfagno; Set Decoration: Hugh Hunt"
1;William C. Mellor
1;Robert L. Surtees
1;Orry-Kelly
1;Elizabeth Haffenden
1;William Wyler
1;Bernhard Grzimek, Producer
1;Bert Haanstra, Producer
1;Ralph E. Winters, John D. Dunning
1;France
1;Miklos Rozsa
1;Andre Previn, Ken Darby
1;"Music by James Van Heusen; Lyrics by Sammy Cahn"
1;Sam Zimbalist, Producer
1;John Hubley, Producer
1;Jacques-Yves Cousteau, Producer
1;Metro-Goldwyn-Mayer Studio Sound Department, Franklin E. Milton, Sound Director
1;"Visual Effects by A. Arnold Gillespie, Robert MacDonald; Audible Effects by Milo Lory"
1;Neil Paterson
1;"Story by Russell Rouse, Clarence Greene; Screenplay by Stanley Shapiro, Maurice Richlin"
1;Elmer Gantry
1;Spartacus
1;Butterfield 8
1;Elmer Gantry
1;"Art Direction: Alexander Trauner; Set Decoration: Edward G. Boyle"
1;"Art Direction: Alexander Golitzen, Eric Orbom; Set Decoration: Russell A. Gausman, Julia Heron"
1;Freddie Francis
1;Russell Metty
1;Edith Head, Edward Stevenson
1;Valles, Bill Thomas
1;Billy Wilder
1;Larry Lansburgh, Producer
1;James Hill, Producer
1;Daniel Mandell
1;Sweden
1;Ernest Gold
1;Morris Stoloff, Harry Sukman
1;Music and Lyrics by Manos Hadjidakis
1;Billy Wilder, Producer
1;William L. Snyder, Producer
1;Ezra R. Baker, Producer
1;"Samuel Goldwyn Studio Sound Department, Gordon E. Sawyer, Sound Director; and Todd-AO Sound Department, Fred Hynes, Sound Director"
1;Visual Effects by Gene Warren, Tim Baar
1;Richard Brooks
1;Billy Wilder, I. A. L. Diamond
1;Pollyanna
1;Judgment at Nuremberg
1;West Side Story
1;Two Women
1;West Side Story
1;"Art Direction: Harry Horner; Set Decoration: Gene Callahan"
1;"Art Direction: Boris Leven; Set Decoration: Victor A. Gangelin"
1;Eugen Shuftan
1;Daniel L. Fapp
1;Piero Gherardi
1;Irene Sharaff
1;Robert Wise, Jerome Robbins
1;Arthur Cohn and Rene Lafuite, Producers
1;Frank P. Bibas, Producer
1;Thomas Stanford
1;Sweden
1;Henry Mancini
1;Saul Chaplin, Johnny Green, Sid Ramin, Irwin Kostal
1;"Music by Henry Mancini; Lyrics by Johnny Mercer"
1;Robert Wise, Producer
1;Zagreb Film
1;Templar Film Studios
1;"Todd-AO Sound Department, Fred Hynes, Sound Director; and Samuel Goldwyn Studio Sound Department, Gordon E. Sawyer, Sound Director"
1;"Visual Effects by Bill Warrington; Audible Effects by Vivian C. Greenham"
1;Abby Mann
1;William Inge
1;A Force in Readiness
1;To Kill a Mockingbird
1;Sweet Bird of Youth
1;The Miracle Worker
1;The Miracle Worker
1;"Art Direction: Alexander Golitzen, Henry Bumstead; Set Decoration: Oliver Emert"
1;"Art Direction: John Box, John Stoll; Set Decoration: Dario Simoni"
1;Jean Bourgoin, Walter Wottitz, (Henri Persin)
1;Fred A. Young
1;Norma Koch
1;Mary Wills
1;David Lean
1;Louis Clyde Stoumen, Producer
1;Jack Howells, Producer
1;Anne Coates
1;France
1;Maurice Jarre
1;Ray Heindorf
1;"Music by Henry Mancini; Lyrics by Johnny Mercer"
1;Sam Spiegel, Producer
1;John Hubley and Faith Hubley, Producers
1;Pierre Etaix and J.C. Carrière, Producers
1;Shepperton Studio Sound Department, John Cox, Sound Director
1;"Visual Effects by Robert MacDonald; Audible Effects by Jacques Maumont"
1;Horton Foote
1;Ennio de Concini, Alfredo Giannetti, Pietro Germi
1;Lilies of the Field
1;Hud
1;Hud
1;The V.I.P.s
1;Gene Callahan
1;"Art Direction: John DeCuir, Jack Martin Smith, Hilyard Brown, Herman Blumenthal, Elven Webb, Maurice Pelling, Boris Juraga; Set Decoration: Walter M. Scott, Paul S. Fox, Ray Moyer"
1;James Wong Howe
1;Leon Shamroy
1;Piero Gherardi
1;Irene Sharaff, Vittorio Nino Novarese, Renie
1;Tony Richardson
1;Robert Hughes, Producer
1;Simon Schiffrin, Producer
1;Harold F. Kress
1;Italy
1;John Addison
1;Andre Previn
1;"Music by James Van Heusen; Lyrics by Sammy Cahn"
1;Tony Richardson, Producer
1;Ernest Pintoff, Producer
1;Paul de Roubaix and Marcel Ichac, Producers
1;Metro-Goldwyn-Mayer Studio Sound Department, Franklin E. Milton, Sound Director
1;Walter G. Elliott
1;Emil Kosa, Jr.
1;John Osborne
1;James R. Webb
1;My Fair Lady
1;Topkapi
1;Mary Poppins
1;Zorba the Greek
1;Vassilis Fotopoulos
1;"Art Direction: Gene Allen, Cecil Beaton; Set Decoration: George James Hopkins"
1;Walter Lassally
1;Harry Stradling
1;Dorothy Jeakins
1;Cecil Beaton
1;George Cukor
1;Jacques-Yves Cousteau, Producer
1;Charles Guggenheim, Producer
1;Cotton Warburton
1;Italy
1;Richard M. Sherman, Robert B. Sherman
1;Andre Previn
1;Music and Lyrics by Richard M. Sherman and Robert B. Sherman
1;Jack L. Warner, Producer
1;David H. DePatie and Friz Freleng, Producers
1;Edward Schreiber, Producer
1;Warner Brothers Studio Sound Department, George R. Groves, Sound Director
1;Norman Wanstall
1;Peter Ellenshaw, Eustace Lycett, Hamilton Luske
1;Edward Anhalt
1;"Story by S. H. Barnett; Screenplay by Peter Stone, Frank Tarloff"
1;7 Faces of Dr. Lao
1;Cat Ballou
1;A Thousand Clowns
1;Darling
1;A Patch of Blue
1;"Art Direction: Robert Clatworthy; Set Decoration: Joseph Kish"
1;"Art Direction: John Box, Terry Marsh; Set Decoration: Dario Simoni"
1;Ernest Laszlo
1;Freddie Young
1;Julie Harris
1;Phyllis Dalton
1;Robert Wise
1;Sidney Glazier, Producer
1;Francis Thompson, Producer
1;William Reynolds
1;Czechoslovakia
1;Maurice Jarre
1;Irwin Kostal
1;"Music by Johnny Mandel; Lyrics by Paul Francis Webster"
1;Robert Wise, Producer
1;Chuck Jones and Les Goldman, Producers
1;Claude Berri, Producer
1;"20th Century-Fox Studio Sound Department, James P. Corcoran, Sound Director; and Todd-AO Sound Department, Fred Hynes, Sound Director"
1;Tregoweth Brown
1;John Stears
1;Robert Bolt
1;Frederic Raphael
1;A Man for All Seasons
1;The Fortune Cookie
1;Who's Afraid of Virginia Woolf?
1;Who's Afraid of Virginia Woolf?
1;"Art Direction: Richard Sylbert; Set Decoration: George James Hopkins"
1;"Art Direction: Jack Martin Smith, Dale Hennesy; Set Decoration: Walter M. Scott, Stuart A. Reiss"
1;Haskell Wexler
1;Ted Moore
1;Irene Sharaff
1;Elizabeth Haffenden, Joan Bridge
1;Fred Zinnemann
1;Peter Watkins, Producer
1;Edmond A. Levy, Producer
1;Fredric Steinkamp, Henry Berman, Stewart Linder, Frank Santillo
1;France
1;John Barry
1;Ken Thorne
1;"Music by John Barry; Lyrics by Don Black"
1;Fred Zinnemann, Producer
1;John Hubley and Faith Hubley, Producers
1;Edgar Anstey, Producer
1;Metro-Goldwyn-Mayer Studio Sound Department, Franklin E. Milton, Sound Director
1;Gordon Daniel
1;Art Cruickshank
1;Robert Bolt
1;"Story by Claude Lelouch; Screenplay by Claude Lelouch, Pierre Uytterhoeven"
1;In the Heat of the Night
1;Cool Hand Luke
1;Guess Who's Coming to Dinner
1;Bonnie and Clyde
1;"Art Direction: John Truscott, Edward Carrere; Set Decoration: John W. Brown"
1;Burnett Guffey
1;John Truscott
1;Mike Nichols
1;Pierre Schoendoerffer, Producer
1;Mark Harris and Trevor Greenwood, Producers
1;Hal Ashby
1;Czechoslovakia
1;Elmer Bernstein
1;Alfred Newman, Ken Darby
1;Music and Lyrics by Leslie Bricusse
1;Walter Mirisch, Producer
1;Fred Wolf, Producer
1;Christopher Chapman, Producer
1;Samuel Goldwyn Studio Sound Department
1;John Poyner
1;L. B. Abbott
1;Stirling Silliphant
1;William Rose
1;Charly
1;The Subject Was Roses
1;The Lion in Winter
1;Funny Girl
1;Rosemary's Baby
1;"Art Direction: John Box, Terence Marsh; Set Decoration: Vernon Dixon, Ken Muggleston"
1;Pasqualino De Santis
1;Danilo Donati
1;Carol Reed
1;Bill McGaw, Producer
1;Saul Bass, Producer
1;Frank P. Keller
1;Union of Soviet Socialist Republics
1;John Barry
1;Adaptation score by John Green
1;"Music by Michel Legrand; Lyrics by Alan Bergman and Marilyn Bergman"
1;John Woolf, Producer
1;Walt Disney, Producer
1;Charles Guggenheim, Producer
1;Shepperton Studio Sound Department
1;Stanley Kubrick
1;James Goldman
1;Mel Brooks
1;Planet of the Apes
1;Oliver!
1;True Grit
1;They Shoot Horses, Don't They?
1;The Prime of Miss Jean Brodie
1;Cactus Flower
1;"Art Direction: John DeCuir, Jack Martin Smith, Herman Blumenthal; Set Decoration: Walter M. Scott, George Hopkins, Raphael Bretton"
1;Conrad Hall
1;Margaret Furse
1;John Schlesinger
1;Bernard Chevry, Producer
1;Denis Sanders and Robert M. Fresco, Producers
1;Françoise Bonnot
1;Algeria
1;Burt Bacharach
1;Adaptation score by Lennie Hayton and Lionel Newman
1;"Music by Burt Bacharach; Lyrics by Hal David"
1;Jerome Hellman, Producer
1;Ward Kimball, Producer
1;Joan Keller Stern, Producer
1;Jack Solomon, Murray Spivack
1;Robbie Robertson
1;Waldo Salt
1;William Goldman
1;Patton
1;Ryan's Daughter
1;Women in Love
1;Airport
1;MA*S*H
1;"Art Direction: Urie McCleary, Gil Parrondo; Set Decoration: Antonio Mateos, Pierre-Louis Thevenet"
1;Freddie Young
1;Nino Novarese
1;Robert Altman
1;Franklin J. Schaffner
1;Bob Maurice, Producer
1;Joseph Strick, Producer
1;Danford B. Greene
1;Hugh S. Fowler
1;Italy
1;Francis Lai
1;Music and lyrics by The Beatles
1;"Music by Fred Karlin; Lyrics by Robb Royer (aka Robb Wilson) and James Griffin (aka Arthur James)"
1;Ingo Preminger, Producer
1;Frank McCarthy, Producer
1;Nick Bosustow, Producer
1;John Longenecker, Producer
1;Douglas Williams, Don Bassman
1;A. D. Flowers, L. B. Abbott
1;Ring Lardner, Jr.
1;Francis Ford Coppola, Edmund H. North
1;The French Connection
1;The Last Picture Show
1;Klute
1;The Last Picture Show
1;"Art Direction: John Box, Ernest Archer, Jack Maxsted, Gil Parrondo; Set Decoration: Vernon Dixon"
1;Oswald Morris
1;Yvonne Blake, Antonio Castillo
1;William Friedkin
1;Walon Green, Producer
1;Manuel Arango and Robert Amram, Producers
1;Jerry Greenberg
1;Italy
1;Michel Legrand
1;Adaptation Score by John Williams
1;Music and Lyrics by Isaac Hayes
1;Philip D'Antoni, Producer
1;Ted Petok, Producer
1;Manuel Arango and Robert Amram, Producers
1;Gordon K. McCallum, David Hildyard
1;Alan Maley, Eustace Lycett, Danny Lee
1;Ernest Tidyman
1;Paddy Chayefsky
1;The Godfather
1;Cabaret
1;Cabaret
1;Butterflies Are Free
1;"Art Direction: Rolf Zehetbauer, Jurgen Kiebach; Set Decoration: Herbert Strabel"
1;Geoffrey Unsworth
1;Anthony Powell
1;Bob Fosse
1;Howard Smith and Sarah Kernochan, Producers
1;Charles Huguenot van der Linden and Martina Huguenot van der Linden, Producers
1;David Bretherton
1;France
1;Charles Chaplin, Raymond Rasch, Larry Russell
1;Adaptation Score by Ralph Burns
1;Music and Lyrics by Al Kasha and Joel Hirschhorn
1;Albert S. Ruddy, Producer
1;Richard Williams, Producer
1;Richard Barclay, Producer
1;Robert Knudson, David Hildyard
1;Mario Puzo, Francis Ford Coppola
1;Jeremy Larner
1;L. B. Abbott, A. D. Flowers
1;Save the Tiger
1;The Paper Chase
1;A Touch of Class
1;Paper Moon
1;"Art Direction: Henry Bumstead; Set Decoration: James Payne"
1;Sven Nykvist
1;Edith Head
1;George Roy Hill
1;Kieth Merrill, Producer
1;Julian Krainin and DeWitt L. Sage, Jr., Producers
1;William Reynolds
1;France
1;Marvin Hamlisch
1;Adaptation Score by Marvin Hamlisch
1;"Music by Marvin Hamlisch; Lyrics by Alan Bergman and Marilyn Bergman"
1;Tony Bill, Michael Phillips and Julia Phillips, Producers
1;Frank Mouris, Producer
1;Allan Miller and William Fertik, Producers
1;Robert Knudson, Chris Newman
1;William Peter Blatty
1;David S. Ward
1;Harry and Tonto
1;The Godfather Part II
1;Alice Doesn't Live Here Anymore
1;Murder on the Orient Express
1;"Art Direction: Dean Tavoularis, Angelo Graham; Set Decoration: George R. Nelson"
1;Fred Koenekamp, Joseph Biroc
1;Theoni V. Aldredge
1;Francis Ford Coppola
1;Peter Davis and Bert Schneider, Producers
1;Robin Lehman, Producer
1;Harold F. Kress, Carl Kress
1;Italy
1;Nino Rota, Carmine Coppola
1;Adaptation Score by Nelson Riddle
1;Music and Lyrics by Al Kasha and Joel Hirschhorn
1;"Francis Ford Coppola, Producer; Gray Frederickson and Fred Roos, Co-Producers"
1;Will Vinton and Bob Gardiner, Producers
1;Paul Claudon and Edmond Sechan, Producers
1;Ronald Pierce, Melvin Metcalfe, Sr.
1;Robert Towne
1;Francis Ford Coppola, Mario Puzo
1;Frank Brendel, Glen Robinson, Albert Whitlock
1;One Flew over the Cuckoo's Nest
1;The Sunshine Boys
1;One Flew over the Cuckoo's Nest
1;Shampoo
1;"Art Direction: Ken Adam, Roy Walker; Set Decoration: Vernon Dixon"
1;John Alcott
1;Ulla-Britt Soderlund, Milena Canonero
1;Milos Forman
1;F. R. Crawley, James Hager and Dale Hartleben, Producers
1;Claire Wilbur and Robin Lehman, Producers
1;Verna Fields
1;Union of Soviet Socialist Republics
1;John Williams
1;Adaptation Score by Leonard Rosenman
1;Music and Lyrics by Keith Carradine
1;Saul Zaentz and Michael Douglas, Producers
1;Bob Godfrey, Producer
1;Bert Salzman, Producer
1;Robert L. Hoyt, Roger Heman, Earl Madery, John Carter
1;Frank Pierson
1;Lawrence Hauben, Bo Goldman
1;Peter Berkos
1;Albert Whitlock, Glen Robinson
1;Network
1;All the President's Men
1;Network
1;Network
1;"Art Direction: George Jenkins; Set Decoration: George Gaines"
1;Haskell Wexler
1;Danilo Donati
1;John G. Avildsen
1;Barbara Kopple, Producer
1;Lynne Littman, Producer
1;Richard Halsey, Scott Conrad
1;Ivory Coast
1;Jerry Goldsmith
1;Adaptation Score by Leonard Rosenman
1;"Music by Barbra Streisand; Lyrics by Paul Williams"
1;Irwin Winkler and Robert Chartoff, Producers
1;Suzanne Baker, Producer
1;Andre Guttfreund and Peter Werner, Producers
1;Arthur Piantadosi, Les Fresholtz, Dick Alexander, Jim Webb
1;William Goldman
1;Paddy Chayefsky
1;Carlo Rambaldi, Glen Robinson, Frank Van der Veer
1;L. B. Abbott, Glen Robinson, Matthew Yuricich
1;The Goodbye Girl
1;Julia
1;Annie Hall
1;Julia
1;"Art Direction: John Barry, Norman Reynolds, Leslie Dilley; Set Decoration: Roger Christian"
1;Vilmos Zsigmond
1;John Mollo
1;Woody Allen
1;John Korty, Dan McCann and Warren L. Lockhart, Producers
1;John Joseph and Jan Stussy, Producers
1;Paul Hirsch, Marcia Lucas, Richard Chew
1;France
1;John Williams
1;Adaptation Score by Jonathan Tunick
1;Music and Lyrics by Joseph Brooks
1;Charles H. Joffe, Producer
1;Co Hoedeman, Producer
1;Beverly Shaffer and Yuki Yoshida, Producers
1;Don MacDougall, Ray West, Bob Minkler, Derek Ball
1;John Stears, John Dykstra, Richard Edlund, Grant McCune, Robert Blalack
1;Alvin Sargent
1;Woody Allen, Marshall Brickman
1;Star Wars
1;Frank E. Warner
1;Coming Home
1;The Deer Hunter
1;Coming Home
1;California Suite
1;"Art Direction: Paul Sylbert, Edwin O'Donovan; Set Decoration: George Gaines"
1;Nestor Almendros
1;Anthony Powell
1;Michael Cimino
1;Arnold Shapiro, Producer
1;Jacqueline Phillips Shedd and Ben Shedd, Producers
1;Peter Zinner
1;France
1;Joe Renzetti
1;Giorgio Moroder
1;Music and Lyrics by Paul Jabara
1;Barry Spikings, Michael Deeley, Michael Cimino and John Peverall, Producers
1;Eunice Macaulay and John Weldon, Producers
1;Taylor Hackford, Producer
1;Richard Portman, William McCaughey, Aaron Rochin, Darin Knight
1;Oliver Stone
1;"Story by Nancy Dowd; Screenplay by Waldo Salt, Robert C. Jones"
1;Les Bowie, Colin Chilvers, Denys Coop, Roy Field, Derek Meddings, Zoran Perisic
1;Kramer vs. Kramer
1;Being There
1;Norma Rae
1;Kramer vs. Kramer
1;"Art Direction: Philip Rosenberg, Tony Walton; Set Decoration: Edward Stewart, Gary Brink"
1;Vittorio Storaro
1;Albert Wolsky
1;Robert Benton
1;Ira Wohl, Producer
1;Saul J. Turell, Producer
1;Alan Heim
1;Federal Republic of Germany
1;Georges Delerue
1;Adaptation Score by Ralph Burns
1;"Music by David Shire; Lyric by Norman Gimbel"
1;Stanley R. Jaffe, Producer
1;Derek Lamb, Producer
1;Sarah Pillsbury and Ron Ellis, Producers
1;Walter Murch, Mark Berger, Richard Beggs, Nat Boxer
1;H.R. Giger, Carlo Rambaldi, Brian Johnson, Nick Allder, Denys Ayling
1;Robert Benton
1;Steve Tesich
1;Alan Splet
1;Raging Bull
1;Ordinary People
1;Coal Miner's Daughter
1;Melvin and Howard
1;Art Direction: Pierre Guffroy, Jack Stephens
1;Geoffrey Unsworth, Ghislain Cloquet
1;Anthony Powell
1;Robert Redford
1;Murray Lerner, Producer
1;Roland Hallé and Peter W. Ladue, Producers
1;Thelma Schoonmaker
1;Union of Soviet Socialist Republics
1;Michael Gore
1;"Music by Michael Gore; Lyric by Dean Pitchford"
1;Ronald L. Schwary, Producer
1;Ferenc Rofusz, Producer
1;Lloyd Phillips, Producer
1;Bill Varney, Steve Maslow, Gregg Landaker, Peter Sutton
1;Alvin Sargent
1;Bo Goldman
1;Brian Johnson, Richard Edlund, Dennis Muren, Bruce Nicholson
1;On Golden Pond
1;Arthur
1;On Golden Pond
1;Reds
1;"Art Direction: Norman Reynolds, Leslie Dilley; Set Decoration: Michael Ford"
1;Vittorio Storaro
1;Milena Canonero
1;Warren Beatty
1;Arnold Schwartzman and Rabbi Marvin Hier, Producers
1;Nigel Noble, Producer
1;Michael Kahn
1;Hungary
1;Rick Baker
1;Vangelis
1;Music and Lyric by Burt Bacharach, Carole Bayer Sager, Christopher Cross and Peter Allen
1;David Puttnam, Producer
1;Frédéric Back, Producer
1;Paul Kemp and Shelley Levinson, Producers
1;Bill Varney, Steve Maslow, Gregg Landaker, Roy Charman
1;Richard Edlund, Kit West, Bruce Nicholson, Joe Johnston
1;Ernest Thompson
1;Colin Welland
1;Ben Burtt, Richard L. Anderson
1;Gandhi
1;An Officer and a Gentleman
1;Sophie's Choice
1;Tootsie
1;"Art Direction: Stuart Craig, Bob Laing; Set Decoration: Michael Seirton"
1;Billy Williams, Ronnie Taylor
1;John Mollo, Bhanu Athaiya
1;Richard Attenborough
1;John Zaritsky, Producer
1;Edward Le Lorrain and Terri Nash, Producers
1;John Bloom
1;Spain
1;Sarah Monzani, Michèle Burke
1;John Williams
1;"Song Score by Henry Mancini and Leslie Bricusse; Adaptation Score by Henry Mancini"
1;"Music by Jack Nitzsche and Buffy Sainte-Marie; Lyric by Will Jennings"
1;Richard Attenborough, Producer
1;Zbigniew Rybczynski, Producer
1;Christine Oestreicher, Producer
1;Robert Knudson, Robert Glass, Don Digirolamo, Gene Cantamessa
1;Charles L. Campbell, Ben Burtt
1;Carlo Rambaldi, Dennis Muren, Kenneth F. Smith
1;Costa-Gavras, Donald Stewart
1;John Briley
1;Tender Mercies
1;Terms of Endearment
1;Terms of Endearment
1;The Year of Living Dangerously
1;Anna Asp
1;Sven Nykvist
1;Marik Vos
1;James L. Brooks
1;Emile Ardolino, Producer
1;Cynthia Scott and Adam Symansky, Producers
1;Glenn Farr, Lisa Fruchtman, Stephen A. Rotter, Douglas Stewart, Tom Rolf
1;Sweden
1;Bill Conti
1;Song Score by Michel Legrand, Alan Bergman and Marilyn Bergman
1;"Music by Giorgio Moroder; Lyric by Keith Forsey and Irene Cara"
1;James L. Brooks, Producer
1;Jimmy Picker, Producer
1;Janice L. Platt, Producer
1;Mark Berger, Tom Scott, Randy Thom, David MacMillan
1;Jay Boekelheide
1;James L. Brooks
1;Horton Foote
1;Richard Edlund, Dennis Muren, Ken Ralston, Phil Tippett
1;Amadeus
1;The Killing Fields
1;Places in the Heart
1;A Passage to India
1;"Art Direction: Patrizia Von Brandenstein; Set Decoration: Karel Cerny"
1;Chris Menges
1;Theodor Pistek
1;Milos Forman
1;Robert Epstein and Richard Schmiechen, Producers
1;Marjorie Hunt and Paul Wagner, Producers
1;Jim Clark
1;Switzerland
1;Paul LeBlanc, Dick Smith
1;Maurice Jarre
1;Prince
1;Music and Lyric by Stevie Wonder
1;Saul Zaentz, Producer
1;Jon Minnis, Producer
1;Mike Hoover, Producer
1;Mark Berger, Tom Scott, Todd Boekelheide, Chris Newman
1;Dennis Muren, Michael McAlister, Lorne Peterson, George Gibbs
1;Peter Shaffer
1;Robert Benton
1;Kay Rose
1;Kiss of the Spider Woman
1;Cocoon
1;The Trip to Bountiful
1;Prizzi's Honor
1;"Art Direction: Stephen Grimes; Set Decoration: Josie MacAvin"
1;David Watkin
1;Emi Wada
1;Sydney Pollack
1;Maria Florio and Victoria Mudd, Producers
1;David Goodman, Producer
1;Thom Noble
1;Argentina
1;Michael Westmore, Zoltan Elek
1;John Barry
1;Music and Lyric by Lionel Richie
1;Sydney Pollack, Producer
1;Cilia Van Dijk, Producer
1;Jeff Brown and Chris Pelzer, Producers
1;Chris Jenkins, Gary Alexander, Larry Stensvold, Peter Handford
1;Charles L. Campbell, Robert Rutledge
1;Ken Ralston, Ralph McQuarrie, Scott Farrar, David Berry
1;Kurt Luedtke
1;"Screenplay by Earl W. Wallace, William Kelley; Story by William Kelley, Pamela Wallace, Earl W. Wallace"
1;The Color of Money
1;Hannah and Her Sisters
1;Children of a Lesser God
1;Hannah and Her Sisters
1;"Art Direction: Gianni Quaranta, Brian Ackland-Snow; Set Decoration: Brian Savegar, Elio Altamura"
1;Chris Menges
1;Jenny Beavan, John Bright
1;Oliver Stone
1;Brigitte Berman, Producer
1;Joseph Feury and Milton Justice, Producers
1;Vivienne Verdon-Roe, Producer
1;Claire Simpson
1;The Netherlands
1;Chris Walas, Stephan Dupuis
1;Herbie Hancock
1;"Music by Giorgio Moroder; Lyric by Tom Whitlock"
1;Arnold Kopelson, Producer
1;Linda Van Tulden and Willem Thijssen, Producers
1;Chuck Workman, Producer
1;John K. Wilkinson, Richard Rogers, Charles 'Bud' Grenzbach,  Simon Kaye
1;Don Sharpe
1;Robert Skotak, Stan Winston, John Richardson, Suzanne Benson
1;Ruth Prawer Jhabvala
1;Woody Allen
1;Wall Street
1;The Untouchables
1;Moonstruck
1;Moonstruck
1;"Art Direction: Ferdinando Scarfiotti; Set Decoration: Bruno Cesari, Osvaldo Desideri"
1;Vittorio Storaro
1;James Acheson
1;Bernardo Bertolucci
1;Aviva Slesin, Producer
1;Sue Marx and Pamela Conn, Producers
1;Gabriella Cristiani
1;Denmark
1;Rick Baker
1;Ryuichi Sakamoto, David Byrne, Cong Su
1;"Music by Franke Previte, John DeNicola and Donald Markowitz; Lyric by Franke Previte"
1;Jeremy Thomas, Producer
1;Frédéric Back, Producer
1;Jonathan Sanger and Jana Sue Memel, Producers
1;Bill Rowe, Ivan Sharrock
1;Dennis Muren, William George, Harley Jessup, Kenneth Smith
1;Mark Peploe, Bernardo Bertolucci
1;John Patrick Shanley
1;Stephen Flick, John Pospisil
1;Rain Man
1;A Fish Called Wanda
1;The Accused
1;The Accidental Tourist
1;"Art Direction: Stuart Craig; Set Decoration: Gerard James"
1;Peter Biziou
1;James Acheson
1;Barry Levinson
1;Marcel Ophuls, Producer
1;William Guttentag and Malcolm Clarke, Producers
1;Arthur Schmidt
1;Denmark
1;Ve Neill, Steve La Porte, Robert Short
1;Dave Grusin
1;Music and Lyric by Carly Simon
1;Mark Johnson, Producer
1;John Lasseter, William Reeves
1;Dean Parisot, Steven Wright
1;Les Fresholtz, Dick Alexander, Vern Poore, Willie D. Burton
1;Charles L. Campbell, Louis L. Edemann
1;Ken Ralston, Richard Williams, Edward Jones, George Gibbs
1;Christopher Hampton
1;"Screenplay by Ronald Bass, Barry Morrow; Story by Barry Morrow"
1;Who Framed Roger Rabbit
1;My Left Foot
1;Glory
1;Driving Miss Daisy
1;My Left Foot
1;"Art Direction: Anton Furst; Set Decoration: Peter Young"
1;Freddie Francis
1;Phyllis Dalton
1;Oliver Stone
1;Robert Epstein and Bill Couturié, Producers
1;Charles Guggenheim, Producer
1;David Brenner, Joe Hutshing
1;Italy
1;Manlio Rocchetti, Lynn Barber, Kevin Haney
1;Alan Menken
1;"Music by Alan Menken; Lyric by Howard Ashman"
1;Richard D. Zanuck and Lili Fini Zanuck, Producers
1;Christoph Lauenstein, Wolfgang Lauenstein
1;James Hendrie
1;Donald O. Mitchell, Gregg C. Rudloff, Elliot Tyson, Russell Williams II
1;Ben Burtt, Richard Hymns
1;John Bruno, Dennis Muren, Hoyt Yeatman, Dennis Skotak
1;Alfred Uhry
1;Tom Schulman
1;Reversal of Fortune
1;Good Fellas
1;Misery
1;Ghost
1;"Art Direction: Richard Sylbert; Set Decoration: Rick Simpson"
1;Dean Semler
1;Franca Squarciapino
1;Kevin Costner
1;Barbara Kopple and Arthur Cohn, Producers
1;Steven Okazaki, Producer
1;Neil Travis
1;Switzerland
1;John Caglione, Jr., Doug Drexler
1;John Barry
1;Music and Lyric by Stephen Sondheim
1;Jim Wilson and Kevin Costner, Producers
1;Nick Park
1;Adam Davidson
1;Jeffrey Perkins, Bill W. Benton, Greg Watkins, Russell Williams II
1;Cecelia Hall, George Watters II
1;Michael Blake
1;Bruce Joel Rubin
1;Eric Brevig, Rob Bottin, Tim McGovern, Alex Funke
1;The Silence of the Lambs
1;City Slickers
1;The Silence of the Lambs
1;The Fisher King
1;"Art Direction: Dennis Gassner; Set Decoration: Nancy Haigh"
1;Robert Richardson
1;Albert Wolsky
1;Jonathan Demme
1;Allie Light and Irving Saraf, Producers
1;Debra Chasnoff, Producer
1;Joe Hutshing, Pietro Scalia
1;Italy
1;Stan Winston, Jeff Dawn
1;Alan Menken
1;"Music by Alan Menken; Lyric by Howard Ashman"
1;Edward Saxon, Kenneth Utt and Ron Bozman, Producers
1;Daniel Greaves
1;Seth Winston, Rob Fried
1;Tom Johnson, Gary Rydstrom, Gary Summers, Lee Orloff
1;Gary Rydstrom, Gloria S. Borders
1;Dennis Muren, Stan Winston, Gene Warren, Jr., Robert Skotak
1;Ted Tally
1;Callie Khouri
1;Scent of a Woman
1;Unforgiven
1;Howards End
1;My Cousin Vinny
1;"Art Direction: Luciana Arrighi; Set Decoration: Ian Whittaker"
1;Philippe Rousselot
1;Eiko Ishioka
1;Clint Eastwood
1;Barbara Trent and David Kasper, Producers
1;Thomas C. Goodwin and Gerardine Wurzburg, Producers
1;Joel Cox
1;France
1;Greg Cannom, Michèle Burke, Matthew W. Mungle
1;Alan Menken
1;"Music by Alan Menken; Lyric by Tim Rice"
1;Clint Eastwood, Producer
1;Joan C. Gratz
1;Sam Karmann
1;Chris Jenkins, Doug Hemphill, Mark Smith, Simon Kaye
1;Tom C. McCarthy, David E. Stone
1;Ken Ralston, Doug Chiang, Doug Smythe, Tom Woodruff, Jr.
1;Ruth Prawer Jhabvala
1;Neil Jordan
1;Philadelphia
1;The Fugitive
1;The Piano
1;The Piano
1;"Art Direction: Allan Starski; Set Decoration: Ewa Braun"
1;Janusz Kaminski
1;Gabriella Pescucci
1;Steven Spielberg
1;Susan Raymond, Alan Raymond
1;Margaret Lazarus, Renner Wunderlich
1;Michael Kahn
1;Spain
1;Greg Cannom, Ve Neill, Yolanda Toussieng
1;John Williams
1;Music and Lyric by Bruce Springsteen
1;Steven Spielberg, Gerald R. Molen and Branko Lustig, Producers
1;Nick Park
1;Pepe Danquart
1;Gary Summers, Gary Rydstrom, Shawn Murphy, Ron Judkins
1;Gary Rydstrom, Richard Hymns
1;Dennis Muren, Stan Winston, Phil Tippett, Michael Lantieri
1;Steven Zaillian
1;Jane Campion
1;Forrest Gump
1;Ed Wood
1;Blue Sky
1;Bullets over Broadway
1;"Art Direction: Ken Adam; Set Decoration: Carolyn Scott"
1;John Toll
1;Lizzy Gardiner, Tim Chappel
1;Robert Zemeckis
1;Freida Lee Mock, Terry Sanders
1;Charles Guggenheim
1;Arthur Schmidt
1;Russia
1;Rick Baker, Ve Neill, Yolanda Toussieng
1;Hans Zimmer
1;"Music by Elton John; Lyric by Tim Rice"
1;Wendy Finerman, Steve Tisch and Steve Starkey, Producers
1;Alison Snowden, David Fine
1;Peter Capaldi, Ruth Kenley-Letts
1;Peggy Rajski, Randy Stone
1;Gregg Landaker, Steve Maslow, Bob Beemer, David R. B. MacMillan
1;Stephen Hunter Flick
1;Ken Ralston, George Murphy, Stephen Rosenbaum, Allen Hall
1;Eric Roth
1;"Screenplay by Quentin Tarantino; Stories by Quentin Tarantino & Roger Avary"
1;Leaving Las Vegas
1;The Usual Suspects
1;Dead Man Walking
1;Mighty Aphrodite
1;Eugenio Zanetti
1;John Toll
1;James Acheson
1;Mel Gibson
1;Jon Blair
1;Kary Antholis
1;Mike Hill, Dan Hanley
1;The Netherlands
1;Peter Frampton, Paul Pattison, Lois Burwell
1;Luis Enrique Bacalov
1;"Music by Alan Menken; Lyrics by Stephen Schwartz; Orchestral Score by Alan Menken"
1;"Music by Alan Menken; Lyric by Stephen Schwartz"
1;Mel Gibson, Alan Ladd, Jr. and Bruce Davey, Producers
1;Nick Park
1;Christine Lahti, Jana Sue Memel
1;Rick Dior, Steve Pederson, Scott Millan, David MacMillan
1;Lon Bender, Per Hallberg
1;Scott E. Anderson, Charles Gibson, Neal Scanlan, John Cox
1;Emma Thompson
1;Christopher McQuarrie
1;Toy Story
1;Shine
1;Jerry Maguire
1;Fargo
1;The English Patient
1;"Art Direction: Stuart Craig; Set Decoration: Stephenie McMillan"
1;John Seale
1;Ann Roth
1;Anthony Minghella
1;Leon Gast, David Sonenberg
1;Jessica Yu
1;Walter Murch
1;Czech Republic
1;Rick Baker, David LeRoy Anderson
1;Gabriel Yared
1;Rachel Portman
1;"Music by Andrew Lloyd Webber; Lyric by Tim Rice"
1;Saul Zaentz, Producer
1;Tyron Montgomery, Thomas Stellmach
1;David Frankel, Barry Jossen
1;Walter Murch, Mark Berger, David Parker, Chris Newman
1;Bruce Stambler
1;Volker Engel, Douglas Smith, Clay Pinney, Joseph Viskocil
1;Billy Bob Thornton
1;Ethan Coen, Joel Coen
1;As Good as It Gets
1;Good Will Hunting
1;As Good as It Gets
1;L.A. Confidential
1;"Art Direction: Peter Lamont; Set Decoration: Michael Ford"
1;Russell Carpenter
1;Deborah L. Scott
1;James Cameron
1;Rabbi Marvin Hier, Richard Trank
1;Donna Dewey, Carol Pasternak
1;Conrad Buff, James Cameron, Richard A. Harris
1;The Netherlands
1;Rick Baker, David LeRoy Anderson
1;James Horner
1;Anne Dudley
1;"Music by James Horner; Lyric by Will Jennings"
1;James Cameron and Jon Landau, Producers
1;Jan Pinkava
1;Chris Tashima, Chris Donahue
1;Gary Rydstrom, Tom Johnson, Gary Summers, Mark Ulano
1;Tom Bellfort, Christopher Boyes
1;Robert Legato, Mark Lasoff, Thomas L. Fisher, Michael Kanfer
1;Brian Helgeland, Curtis Hanson
1;Ben Affleck, Matt Damon
1;Life Is Beautiful
1;Affliction
1;Shakespeare in Love
1;Shakespeare in Love
1;"Art Direction: Martin Childs; Set Decoration: Jill Quertier"
1;Janusz Kaminski
1;Sandy Powell
1;Steven Spielberg
1;James Moll, Ken Lipper
1;Keiko Ibi
1;Michael Kahn
1;Italy
1;Jenny Shircore
1;Nicola Piovani
1;Stephen Warbeck
1;Music and Lyric by Stephen Schwartz
1;David Parfitt, Donna Gigliotti, Harvey Weinstein, Edward Zwick and Marc Norman, Producers
1;Chris Wedge
1;Kim Magnusson, Anders Thomas Jensen
1;Gary Rydstrom, Gary Summers, Andy Nelson, Ronald Judkins
1;Gary Rydstrom, Richard Hymns
1;Joel Hynek, Nicholas Brooks, Stuart Robertson, Kevin Mack
1;Bill Condon
1;Marc Norman, Tom Stoppard
1;American Beauty
1;The Cider House Rules
1;Boys Don't Cry
1;Girl, Interrupted
1;"Art Direction: Rick Heinrichs; Set Decoration: Peter Young"
1;Conrad L. Hall
1;Lindy Hemming
1;Sam Mendes
1;Arthur Cohn, Kevin Macdonald
1;Susan Hannah Hadary, William A. Whiteford
1;Zach Staenberg
1;Spain
1;Christine Blundell, Trefor Proud
1;John Corigliano
1;Music and Lyric by Phil Collins
1;Bruce Cohen and Dan Jinks, Producers
1;Alexander Petrov
1;Barbara Schock, Tammy Tiehel
1;John Reitz, Gregg Rudloff, David Campbell, David Lee
1;Dane A. Davis
1;John Gaeta, Janek Sirrs, Steve Courtley, Jon Thum
1;John Irving
1;Alan Ball
1;Gladiator
1;Traffic
1;Erin Brockovich
1;Pollock
1;Tim Yip
1;Peter Pau
1;Janty Yates
1;Steven Soderbergh
1;Mark Jonathan Harris, Deborah Oppenheimer
1;Tracy Seretean
1;Stephen Mirrione
1;Taiwan
1;Rick Baker, Gail Ryan
1;Tan Dun
1;Music and Lyric by Bob Dylan
1;Douglas Wick, David Franzoni and Branko Lustig, Producers
1;Michael Dudok de Wit
1;Florian Gallenberger
1;Scott Millan, Bob Beemer, Ken Weston
1;Jon Johnson
1;John Nelson, Neil Corbould, Tim Burke, Rob Harvey
1;Screenplay by Stephen Gaghan
1;Written by Cameron Crowe
1;Training Day
1;Iris
1;Monster's Ball
1;A Beautiful Mind
1;Aron Warner
1;"Art Direction: Catherine Martin; Set Decoration: Brigitte Broch"
1;Andrew Lesnie
1;Catherine Martin, Angus Strathie
1;Ron Howard
1;Jean-Xavier de Lestrade, Denis Poncet
1;Sarah Kernochan, Lynn Appelle
1;Pietro Scalia
1;Bosnia & Herzegovina
1;Peter Owen, Richard Taylor
1;Howard Shore
1;Music and Lyric by Randy Newman
1;Brian Grazer and Ron Howard, Producers
1;Ralph Eggleston
1;Ray McKinnon, Lisa Blount
1;Michael Minkler, Myron Nettinga, Chris Munro
1;George Watters II, Christopher Boyes
1;Jim Rygiel, Randall William Cook, Richard Taylor, Mark Stetson
1;Written by Akiva Goldsman
1;Written by Julian Fellowes
1;The Pianist
1;Adaptation
1;The Hours
1;Chicago
1;Hayao Miyazaki
1;"Art Direction: John Myhre; Set Decoration: Gordon Sim"
1;Conrad L. Hall
1;Colleen Atwood
1;Roman Polanski
1;Michael Moore, Michael Donovan
1;Bill Guttentag, Robert David Port
1;Martin Walsh
1;Germany
1;John Jackson, Beatrice De Alba
1;Elliot Goldenthal
1;"Music by Eminem, Jeff Bass and Luis Resto; Lyric by Eminem"
1;Martin Richards, Producer
1;Eric Armstrong
1;Martin Strange-Hansen, Mie Andreasen
1;Michael Minkler, Dominick Tavella, David Lee
1;Ethan Van der Ryn, Michael Hopkins
1;Jim Rygiel, Joe Letteri, Randall William Cook, Alex Funke
1;Screenplay by Ronald Harwood
1;Written by Pedro Almodóvar
1;Mystic River
1;Mystic River
1;Monster
1;Cold Mountain
1;Andrew Stanton
1;"Art Direction: Grant Major; Set Decoration: Dan Hennah and Alan Lee"
1;Russell Boyd
1;Ngila Dickson and Richard Taylor
1;Peter Jackson
1;Errol Morris and Michael Williams
1;Maryann DeLeo
1;Jamie Selkirk
1;Canada
1;Richard Taylor and Peter King
1;Howard Shore
1;Music and Lyric by Fran Walsh and Howard Shore and Annie Lennox
1;Barrie M. Osborne, Peter Jackson and Fran Walsh, Producers
1;Adam Elliot
1;Aaron Schneider and Andrew J. Sacks
1;Richard King
1;Christopher Boyes, Michael Semanick, Michael Hedges and Hammond Peek
1;Jim Rygiel, Joe Letteri, Randall William Cook and Alex Funke
1;Screenplay by Fran Walsh, Philippa Boyens & Peter Jackson
1;Written by Sofia Coppola
1;Ray
1;Million Dollar Baby
1;Million Dollar Baby
1;The Aviator
1;Brad Bird
1;"Art Direction: Dante Ferretti; Set Decoration: Francesca Lo Schiavo"
1;Robert Richardson
1;Sandy Powell
1;Clint Eastwood
1;Ross Kauffman and Zana Briski
1;Robert Hudson and Bobby Houston
1;Thelma Schoonmaker
1;Spain
1;Valli O'Reilly and Bill Corso
1;Jan A.P. Kaczmarek
1;Music and Lyric by Jorge Drexler
1;Clint Eastwood, Albert S. Ruddy and Tom Rosenberg, Producers
1;Chris Landreth
1;Andrea Arnold
1;Michael Silvers and Randy Thom
1;Scott Millan, Greg Orloff, Bob Beemer and Steve Cantamessa
1;John Dykstra, Scott Stokdyk, Anthony LaMolinara and John Frazier
1;Screenplay by Alexander Payne & Jim Taylor
1;"Screenplay by Charlie Kaufman; Story by Charlie Kaufman & Michel Gondry & Pierre Bismuth"
1;Capote
1;Syriana
1;Walk the Line
1;The Constant Gardener
1;Nick Park and Steve Box
1;"Art Direction: John Myhre; Set Decoration: Gretchen Rau"
1;Dion Beebe
1;Colleen Atwood
1;Ang Lee
1;Luc Jacquet and Yves Darondeau
1;Corinne Marrinan and Eric Simonson
1;Hughes Winborne
1;South Africa
1;Howard Berger and Tami Lane
1;Gustavo Santaolalla
1;Music and Lyric by Jordan Houston, Cedric Coleman and Paul Beauregard
1;Paul Haggis and Cathy Schulman, Producers
1;John Canemaker and Peggy Stern
1;Martin McDonagh
1;Mike Hopkins and Ethan Van der Ryn
1;Christopher Boyes, Michael Semanick, Michael Hedges and Hammond Peek
1;Joe Letteri, Brian Van't Hul, Christian Rivers and Richard Taylor
1;Screenplay by Larry McMurtry & Diana Ossana
1;"Screenplay by Paul Haggis & Bobby Moresco; Story by Paul Haggis"
1;The Last King of Scotland
1;Little Miss Sunshine
1;The Queen
1;Dreamgirls
1;George Miller
1;"Art Direction: Eugenio Caballero; Set Decoration: Pilar Revuelta"
1;Guillermo Navarro
1;Milena Canonero
1;Martin Scorsese
1;Davis Guggenheim
1;Ruby Yang and Thomas Lennon
1;Thelma Schoonmaker
1;Germany
1;David Martí and Montse Ribé
1;Gustavo Santaolalla
1;Music and Lyric by Melissa Etheridge
1;Graham King, Producer
1;Torill Kove
1;Ari Sandel
1;Alan Robert Murray and Bub Asman
1;Michael Minkler, Bob Beemer and Willie Burton
1;John Knoll, Hal Hickel, Charles Gibson and Allen Hall
1;Screenplay by William Monahan
1;Written by Michael Arndt
1;There Will Be Blood
1;No Country for Old Men
1;La Vie en Rose
1;Michael Clayton
1;Brad Bird
1;"Art Direction: Dante Ferretti; Set Decoration: Francesca Lo Schiavo"
1;Robert Elswit
1;Alexandra Byrne
1;Joel Coen and Ethan Coen
1;Alex Gibney and Eva Orner
1;Cynthia Wade and Vanessa Roth
1;Christopher Rouse
1;Austria
1;Didier Lavergne and Jan Archibald
1;Dario Marianelli
1;Music and Lyric by Glen Hansard and Marketa Irglova
1;Scott Rudin, Ethan Coen and Joel Coen, Producers
1;Suzie Templeton and Hugh Welchman
1;Philippe Pollet-Villard
1;Karen Baker Landers and Per Hallberg
1;Scott Millan, David Parker and Kirk Francis
1;Michael Fink, Bill Westenhofer, Ben Morris and Trevor Wood
1;Written for the screen by Joel Coen & Ethan Coen
1;Written by Diablo Cody
1;Milk
1;The Dark Knight
1;The Reader
1;Vicky Cristina Barcelona
1;Andrew Stanton
1;"Art Direction: Donald Graham Burt; Set Decoration: Victor J. Zolfo"
1;Anthony Dod Mantle
1;Michael O'Connor
1;Danny Boyle
1;James Marsh and Simon Chinn
1;Megan Mylan
1;Chris Dickens
1;Japan
1;Greg Cannom
1;A.R. Rahman
1;"Music by A.R. Rahman; Lyric by Gulzar"
1;Christian Colson, Producer
1;Kunio Kato
1;Jochen Alexander Freydank
1;Richard King
1;Ian Tapp, Richard Pryke and Resul Pookutty
1;Eric Barba, Steve Preeg, Burt Dalton and Craig Barron
1;Screenplay by Simon Beaufoy
1;Written by Dustin Lance Black
1;Crazy Heart
1;Inglourious Basterds
1;The Blind Side
1;Precious: Based on the Novel 'Push' by Sapphire
1;Pete Docter
1;"Production Design: Rick Carter and Robert Stromberg; Set Decoration: Kim Sinclair"
1;Mauro Fiore
1;Sandy Powell
1;Kathryn Bigelow
1;Louie Psihoyos and Fisher Stevens
1;Roger Ross Williams and Elinor Burkett
1;Bob Murawski and Chris Innis
1;Argentina
1;Barney Burman, Mindy Hall and Joel Harlow
1;Michael Giacchino
1;Music and Lyric by Ryan Bingham and T Bone Burnett
1;Kathryn Bigelow, Mark Boal, Nicolas Chartier and Greg Shapiro, Producers
1;Nicolas Schmerkin
1;Joachim Back and Tivi Magnusson
1;Paul N.J. Ottosson
1;Paul N.J. Ottosson and Ray Beckett
1;Joe Letteri, Stephen Rosenbaum, Richard Baneham and Andrew R. Jones
1;Screenplay by Geoffrey Fletcher
1;Written by Mark Boal
1;The King's Speech
1;The Fighter
1;Black Swan
1;The Fighter
1;Lee Unkrich
1;"Production Design: Robert Stromberg; Set Decoration: Karen O'Hara"
1;Wally Pfister
1;Colleen Atwood
1;Tom Hooper
1;Charles Ferguson and Audrey Marrs
1;Karen Goodman and Kirk Simon
1;Angus Wall and Kirk Baxter
1;Denmark
1;Rick Baker and Dave Elsey
1;Trent Reznor and Atticus Ross
1;Music and Lyric by Randy Newman
1;Iain Canning, Emile Sherman and Gareth Unwin, Producers
1;Shaun Tan and Andrew Ruhemann
1;Luke Matheny
1;Richard King
1;Lora Hirschberg, Gary A. Rizzo and Ed Novick
1;Paul Franklin, Chris Corbould, Andrew Lockley and Peter Bebb
1;Screenplay by Aaron Sorkin
1;Screenplay by David Seidler
1;The Artist
1;Beginners
1;The Iron Lady
1;The Help
1;Gore Verbinski
1;"Production Design: Dante Ferretti; Set Decoration: Francesca Lo Schiavo"
1;Robert Richardson
1;Mark Bridges
1;Michel Hazanavicius
1;TJ Martin, Dan Lindsay and Rich Middlemas
1;Daniel Junge and Sharmeen Obaid-Chinoy
1;Kirk Baxter and Angus Wall
1;Iran
1;Mark Coulier and J. Roy Helland
1;Ludovic Bource
1;Music and Lyric by Bret McKenzie
1;Thomas Langmann, Producer
1;William Joyce and Brandon Oldenburg
1;Terry George and Oorlagh George
1;Philip Stockton and Eugene Gearty
1;Tom Fleischman and John Midgley
1;Rob Legato, Joss Williams, Ben Grossmann and Alex Henning
1;Screenplay by Alexander Payne and Nat Faxon & Jim Rash
1;Written by Woody Allen
1;Lincoln
1;Django Unchained
1;Silver Linings Playbook
1;Les Misérables
1;Mark Andrews and Brenda Chapman
1;Claudio Miranda
1;Jacqueline Durran
1;Ang Lee
1;Malik Bendjelloul and Simon Chinn
1;Sean Fine and Andrea Nix Fine
1;William Goldenberg
1;Austria
1;Lisa Westcott and Julie Dartnell
1;Mychael Danna
1;Music and Lyric by Adele Adkins and Paul Epworth
1;Grant Heslov, Ben Affleck and George Clooney, Producers
1;"Production Design: Rick Carter; Set Decoration: Jim Erickson"
1;John Kahrs
1;Shawn Christensen
1;Per Hallberg and Karen Baker Landers
1;Paul N.J. Ottosson
1;Andy Nelson, Mark Paterson and Simon Hayes
1;Bill Westenhofer, Guillaume Rocheron, Erik-Jan De Boer and Donald R. Elliott
1;Screenplay by Chris Terrio
1;Written by Quentin Tarantino
1;Dallas Buyers Club
1;Dallas Buyers Club
1;Blue Jasmine
1;12 Years a Slave
1;Chris Buck, Jennifer Lee and Peter Del Vecho
1;Emmanuel Lubezki
1;Catherine Martin
1;Alfonso Cuarón
1;Morgan Neville, Gil Friesen and Caitrin Rogers
1;Malcolm Clarke and Nicholas Reed
1;Alfonso Cuarón and Mark Sanger
1;Italy
1;Adruitha Lee and Robin Mathews
1;Steven Price
1;Music and Lyric by Kristen Anderson-Lopez and Robert Lopez
1;Brad Pitt, Dede Gardner, Jeremy Kleiner, Steve McQueen and Anthony Katagas, Producers
1;"Production Design: Catherine Martin; Set Decoration: Beverley Dunn"
1;Laurent Witz and Alexandre Espigares
1;Anders Walter and Kim Magnusson
1;Glenn Freemantle
1;Skip Lievsay, Niv Adiri, Christopher Benstead and Chris Munro
1;Tim Webber, Chris Lawrence, David Shirk and Neil Corbould
1;Screenplay by John Ridley
1;Written by Spike Jonze
1;The Theory of Everything
1;Whiplash
1;Still Alice
1;Boyhood
1;Don Hall, Chris Williams and Roy Conli
1;Emmanuel Lubezki
1;Milena Canonero
1;Alejandro G. Iñárritu
1;Laura Poitras, Mathilde Bonnefoy and Dirk Wilutzky
1;Ellen Goosenberg Kent and Dana Perry
1;Tom Cross
1;Poland
1;Frances Hannon and Mark Coulier
1;Alexandre Desplat
1;Music and Lyric by John Stephens and Lonnie Lynn
1;Alejandro G. Iñárritu, John Lesher and James W. Skotchdopole, Producers
1;"Production Design: Adam Stockhausen; Set Decoration: Anna Pinnock"
1;Patrick Osborne and Kristina Reed
1;Mat Kirkby and James Lucas
1;Alan Robert Murray and Bub Asman
1;Craig Mann, Ben Wilkins and Thomas Curley
1;Paul Franklin, Andrew Lockley, Ian Hunter and Scott Fisher
1;Written by Graham Moore
1;Written by Alejandro G. Iñárritu, Nicolás Giacobone, Alexander Dinelaris, Jr. & Armando Bo
1;The Revenant
1;Bridge of Spies
1;Room
1;The Danish Girl
1;Pete Docter and Jonas Rivera
1;Jenny Beavan
1;Alejandro G. Iñárritu
1;Asif Kapadia and James Gay-Rees
1;Sharmeen Obaid-Chinoy
1;Margaret Sixel
1;Hungary
1;Lesley Vanderwalt, Elka Wardega and Damian Martin
1;Ennio Morricone
1;Music and Lyric by Jimmy Napes and Sam Smith
1;Michael Sugar, Steve Golin, Nicole Rocklin and Blye Pagon Faust, Producers
1;"Production Design: Colin Gibson; Set Decoration: Lisa Thompson"
1;Gabriel Osorio and Pato Escala
1;Benjamin Cleary and Serena Armitage
1;Mark Mangini and David White
1;Chris Jenkins, Gregg Rudloff and Ben Osmo
1;Andrew Whitehurst, Paul Norris, Mark Ardington and Sara Bennett
1;Screenplay by Charles Randolph and Adam McKay
1;Written by Josh Singer & Tom McCarthy
